Company,Website/URL,Key Capabilities in Forest Health Anomaly Detection,AI/ML Usage,US Focus/Operations,Notes on Early Warning/Seedling Management
ForestAI,www.forestai.us,AI-powered platform for seedling stress detection using hyperspectral imaging and deep learning; detects stress 7-10 days early with >90% accuracy; forest health monitoring via spectral analysis, tree detection, species classification.,Yes (deep learning for stress detection, AI for image recognition).,US-based/operations, partnership with Auburn University.,Early warning for seedling stress preventing losses; real-time dashboard; applicable to forest management.
DroneDeploy,www.dronedeploy.com,Drone-based reality capture for mapping and inspections; can detect anomalies like vegetation changes via photogrammetry and AI analytics. While not forest-exclusive, it's used in agriculture/forestry for health assessments.,Yes (AI for progress tracking and anomaly spotting).,US-based (San Francisco HQ), widespread US operations.,Supports early warning through drone surveys for forest inventory; seedling monitoring via high-res imagery, but primarily construction-focused per site review.
SKYLAB Analytics (SKYLAB Global),skylabglobal.com,Remote sensing and AI for forest analytics, carbon monitoring, and health management; analyzes drone/plane/satellite data to detect anomalies like deforestation or health decline.,Yes (#forestAi technology for data analysis).,German-based but global; partners in US forestry/carbon projects.,Early warning for efficient forest management; could apply to seedling health in mixed forests via anomaly patterns.
Deep Forestry,www.deepforestry.com,Autonomous drones with 3D AI for tree-level data capture; detects anomalies in inventory, biodiversity, and health (e.g., tree stress or gaps).,Yes (3D AI and LiDAR for navigation/mapping).,Swedish-based (Deep Forestry AB), but tech applicable to US forests; partnerships in global forestry.,Early warning via rapid (30-100x faster) scans; supports seedling management in reforestation by identifying growth anomalies.
Gaia AI,www.gaia-ai.eco,AI-powered sensors and data tools for forest metrics, health monitoring, and anomaly detection (e.g., volume changes, carbon verification).,Yes (AI for data analysis and MRV).,US-focused; partners with USFS, state/federal managers, and carbon developers (e.g., ACR/Verra standards).,Real-time insights for early warning; aids seedling projects through precise mapping, though not exclusively seedling-focused.
Treefera,www.treefera.com,AI data platform using satellite imagery for supply chain risk mitigation, deforestation detection, and forest health insights (e.g., real-time anomaly alerts).,Yes (AI for imagery analysis and compliance).,UK-based but global, including US supply chains; $30M funding for expansion.,Early warning for deforestation/hotspots; supports forest management compliance, potentially including seedling areas in supply chains.
Pachama,pachama.com,Satellite/AI for forest health monitoring, carbon verification, and anomaly detection (e.g., deforestation, biodiversity loss).,Yes (AI with imagery for health patterns).,US-based (San Francisco); works with US landowners/USFS.,Early warning via verified carbon projects; supports reforestation/seedling health tracking.
Pano AI,pano.ai,Camera/AI networks for wildfire detection; spots smoke/heat anomalies in real-time.,Yes (AI for threat confirmation).,US-based (California); deployed in western US states.,Ultra-early wildfire alerts; integrates with forest management for health risks.
OroraTech,ororatech.com,Thermal satellite/AI for wildfire hotspots and forest monitoring; detects temperature anomalies.,Yes (AI platform for risk areas).,German-based, but US operations (e.g., California wildfires).,Early detection platform; applicable to forest health decline from heat stress.
Dryad Networks (Silvanet),dryad.net,Solar-powered sensors/AI for ultra-early wildfire and health monitoring (e.g., gas/smoke anomalies).,Yes (AI for data insights).,German-based, expanding to US (e.g., partnerships in California).,Minutes-early warnings; monitors forest growth/health, potentially seedlings.
CollectiveCrunch,collectivecrunch.com,AI for pest/disease anomalies (e.g., bark beetles) using multisource data.,Yes (AI pattern detection).,Finnish-based, but US collaborations (e.g., with Metsä Group analogs).,Early pest alerts; focused on forest health management.
Morfo,morfo.rest,AI tools for forest restoration monitoring; detects anomalies in large-scale projects via drones/satellites.,Yes (6 AI tools for precision).,French-based, global; US reforestation projects.,Cost-effective early warnings; strong in seedling survival tracking post-restoration.
WoodsApp,woodsapp.com,Satellite/AI for forest health insights; detects changes like illegal logging or decline.,Yes (AI algorithms on data).,European-based, but applicable to US via global data.,Proactive alerts for owners; supports management including anomaly trends.
AltaML (via GovLab),altaml.com,AI for pest control and forest management; detects subtle anomalies in data sets.,Yes (AI-powered solutions).,Canadian-based, but cross-border US applications (e.g., similar to Alberta projects).,Savings in pest early detection; relevant for US forest health.
Dimitra,dimitra.io,AI/satellite for deforestation and anomaly detection; complies with EUDR.,Yes (AI for change differentiation).,US-relevant for exporters; global platform.,Predictive analytics for hotspots; aids sustainable management.
EOSDA (LandViewer),eos.com,Satellite tools for deforestation/health monitoring; indices for anomalies.,Partial (analytics, some AI).,US-based operations; global archive.,EUDR compliance alerts; forest indices for early health warnings.