Company,Website/URL,Key Capabilities in Forest Health Anomaly Detection,AI/ML Usage,US Focus/Operations,Notes on Early Warning/Seedling Management,Features
ForestAI,www.forestai.us,AI-powered platform for seedling stress detection using hyperspectral imaging and deep learning; detects stress 7-10 days early with >90% accuracy; forest health monitoring via spectral analysis, tree detection, species classification.,Yes (deep learning for stress detection, AI for image recognition).,US-based/operations, partnership with Auburn University.,Early warning for seedling stress preventing losses; real-time dashboard; applicable to forest management.,"seedling health and management, hyperspectral imaging, early stress detection, species classification, real-time monitoring"
DroneDeploy,www.dronedeploy.com,Drone-based reality capture for mapping and inspections; can detect anomalies like vegetation changes via photogrammetry and AI analytics. While not forest-exclusive, it's used in agriculture/forestry for health assessments.,Yes (AI for progress tracking and anomaly spotting).,US-based (San Francisco HQ), widespread US operations.,Supports early warning through drone surveys for forest inventory; seedling monitoring via high-res imagery, but primarily construction-focused per site review.,"general management, drone mapping, photogrammetry, construction focus"
SKYLAB Analytics (SKYLAB Global),skylabglobal.com,Remote sensing and AI for forest analytics, carbon monitoring, and health management; analyzes drone/plane/satellite data to detect anomalies like deforestation or health decline.,Yes (#forestAi technology for data analysis).,German-based but global; partners in US forestry/carbon projects.,Early warning for efficient forest management; could apply to seedling health in mixed forests via anomaly patterns.,"general management, remote sensing, carbon monitoring, deforestation detection"
Deep Forestry,www.deepforestry.com,Autonomous drones with 3D AI for tree-level data capture; detects anomalies in inventory, biodiversity, and health (e.g., tree stress or gaps).,Yes (3D AI and LiDAR for navigation/mapping).,Swedish-based (Deep Forestry AB), but tech applicable to US forests; partnerships in global forestry.,Early warning via rapid (30-100x faster) scans; supports seedling management in reforestation by identifying growth anomalies.,"general management, reforestation, 3D AI, LiDAR, rapid scanning"
Gaia AI,www.gaia-ai.eco,AI-powered sensors and data tools for forest metrics, health monitoring, and anomaly detection (e.g., volume changes, carbon verification).,Yes (AI for data analysis and MRV).,US-focused; partners with USFS, state/federal managers, and carbon developers (e.g., ACR/Verra standards).,Real-time insights for early warning; aids seedling projects through precise mapping, though not exclusively seedling-focused.,"general management, carbon verification, sensor technology, precise mapping"
Treefera,www.treefera.com,AI data platform using satellite imagery for supply chain risk mitigation, deforestation detection, and forest health insights (e.g., real-time anomaly alerts).,Yes (AI for imagery analysis and compliance).,UK-based but global, including US supply chains; $30M funding for expansion.,Early warning for deforestation/hotspots; supports forest management compliance, potentially including seedling areas in supply chains.,"general management, supply chain, deforestation detection, satellite imagery"
Pachama,pachama.com,Satellite/AI for forest health monitoring, carbon verification, and anomaly detection (e.g., deforestation, biodiversity loss).,Yes (AI with imagery for health patterns).,US-based (San Francisco); works with US landowners/USFS.,Early warning via verified carbon projects; supports reforestation/seedling health tracking.,"general management, reforestation, carbon verification, satellite monitoring"
Pano AI,pano.ai,Camera/AI networks for wildfire detection; spots smoke/heat anomalies in real-time.,Yes (AI for threat confirmation).,US-based (California); deployed in western US states.,Ultra-early wildfire alerts; integrates with forest management for health risks.,"general management, wildfire detection, real-time monitoring, camera networks"
OroraTech,ororatech.com,Thermal satellite/AI for wildfire hotspots and forest monitoring; detects temperature anomalies.,Yes (AI platform for risk areas).,German-based, but US operations (e.g., California wildfires).,Early detection platform; applicable to forest health decline from heat stress.,"general management, wildfire detection, thermal monitoring, satellite technology"
Dryad Networks (Silvanet),dryad.net,Solar-powered sensors/AI for ultra-early wildfire and health monitoring (e.g., gas/smoke anomalies).,Yes (AI for data insights).,German-based, expanding to US (e.g., partnerships in California).,Minutes-early warnings; monitors forest growth/health, potentially seedlings.,"general management, wildfire detection, sensor networks, forest growth monitoring"
CollectiveCrunch,collectivecrunch.com,AI for pest/disease anomalies (e.g., bark beetles) using multisource data.,Yes (AI pattern detection).,Finnish-based, but US collaborations (e.g., with Metsä Group analogs).,Early pest alerts; focused on forest health management.,"general management, pest detection, disease monitoring, multisource data"
Morfo,morfo.rest,AI tools for forest restoration monitoring; detects anomalies in large-scale projects via drones/satellites.,Yes (6 AI tools for precision).,French-based, global; US reforestation projects.,Cost-effective early warnings; strong in seedling survival tracking post-restoration.,"reforestation, seedling survival tracking, restoration monitoring, drone technology"
WoodsApp,woodsapp.com,Satellite/AI for forest health insights; detects changes like illegal logging or decline.,Yes (AI algorithms on data).,European-based, but applicable to US via global data.,Proactive alerts for owners; supports management including anomaly trends.,"general management, illegal logging detection, satellite monitoring, forest health insights"
AltaML (via GovLab),altaml.com,AI for pest control and forest management; detects subtle anomalies in data sets.,Yes (AI-powered solutions).,Canadian-based, but cross-border US applications (e.g., similar to Alberta projects).,Savings in pest early detection; relevant for US forest health.,"general management, pest control, anomaly detection, data analysis"
Dimitra,dimitra.io,AI/satellite for deforestation and anomaly detection; complies with EUDR.,Yes (AI for change differentiation).,US-relevant for exporters; global platform.,Predictive analytics for hotspots; aids sustainable management.,"general management, deforestation detection, compliance, predictive analytics"
EOSDA (LandViewer),eos.com,Satellite tools for deforestation/health monitoring; indices for anomalies.,Partial (analytics, some AI).,US-based operations; global archive.,EUDR compliance alerts; forest indices for early health warnings.,"general management, deforestation monitoring, compliance, satellite indices"
Silvx Labs,https://silvxlabs.com,Forestry technology company focused on AI-driven forest management solutions.,Yes (AI for forest analytics).,US-based, expanding globally.,Early warning systems for forest health; seedling monitoring capabilities.,"general management, seedling monitoring, AI analytics, early warning systems"
Earth Force Technologies,https://earthforcetech.com,Technology company specializing in forestry applications and environmental monitoring.,Yes (Technology solutions for forestry).,US-based operations.,Environmental monitoring and forest management technology.,"general management, environmental monitoring, forestry applications"
veritree Technology Inc.,https://veritree.com,Technology company with forest focus, providing digital solutions for reforestation and forest management.,Yes (Digital technology for forests).,Global operations, US presence.,Digital tracking and verification for reforestation projects; seedling monitoring.,"reforestation, seedling monitoring, digital tracking, verification systems"
Seris Forest Analytics,https://serisforest.com,Forest analytics company providing data-driven insights for forest management and health monitoring.,Yes (Analytics and data science).,US-based, expanding globally.,Forest health analytics and monitoring; early warning systems for forest management.,"general management, forest analytics, data insights, early warning systems"
Chainparency,https://chainparency.com,Technology/transparency solutions for supply chain tracking and verification in forestry.,Yes (Blockchain and AI for transparency).,Global operations, US market.,Supply chain transparency and verification; applicable to forest product tracking.,"general management, supply chain, blockchain, transparency, verification"
SilvaTech Solutions/International Conservation Foundation,https://silvatechsolutions.com,Technology solutions for conservation, including forest monitoring and management tools.,Yes (Conservation technology).,Global operations, US partnerships.,Conservation technology solutions; forest monitoring and management tools.,"general management, conservation technology, forest monitoring, management tools"
Spatial Informatics Group - Natural Asset Laboratory,https://spatialinformatics.com,Spatial data and informatics company specializing in environmental and forest monitoring.,Yes (Spatial AI and data analytics).,US-based, global projects.,Spatial analysis for forest health; early warning systems using geospatial data.,"general management, spatial analysis, geospatial data, early warning systems"
Conservation X Labs,https://conservationxlabs.org,Innovation lab for conservation technology, developing AI solutions for environmental challenges.,Yes (Conservation AI and innovation).,US-based, global impact.,Conservation technology innovation; AI solutions for environmental challenges including forests.,"general management, conservation innovation, AI solutions, environmental challenges"
Environmental Policy Innovation Center,https://policyinnovation.org,Policy innovation center with technology focus, working on environmental and forest policy solutions.,Partial (Policy and technology integration).,US-based, national focus.,Policy innovation for environmental challenges; technology integration for forest management.,"general management, policy innovation, technology integration, environmental policy"
Upstream Carbon Inc.,https://upstreamcarbon.com,Carbon/forest technology company providing solutions for carbon monitoring and forest management.,Yes (Carbon and forest technology).,US-based, expanding globally.,Carbon monitoring and forest management technology; early warning for carbon-related forest issues.,"general management, carbon monitoring, forest management, carbon technology"
Carboneers LLC,https://carboneers.com,Carbon technology company focused on forest carbon monitoring and management solutions.,Yes (Carbon technology and AI).,US-based operations.,Carbon monitoring technology; forest carbon management and verification.,"general management, carbon technology, carbon monitoring, verification systems"
forest adaptation consulting,https://forestadaptation.com,Forest adaptation services providing consulting and technology solutions for climate change adaptation.,Partial (Consulting with technology focus).,US-based, national reach.,Forest adaptation consulting; climate change adaptation solutions for forests.,"general management, climate adaptation, consulting services, forest adaptation"





