Company,Seedling_Health_Focus,Technology_Sophistication,Market_Presence,Data_Source_Type,Category,Positioning_Notes
ForestAI,10,10,10,Hyperspectral Imaging,Platform,"Unique seedling health focus with advanced hyperspectral technology - TOP RIGHT QUADRANT"
Morfo,8,7,6,Drone,Platform,"Strong reforestation focus with seedling survival tracking"
Deep Forestry,6,9,5,Drone+LiDAR,Platform,"Advanced 3D AI technology, supports seedling management"
veritree Technology Inc.,7,6,7,Digital Data,Platform,"Reforestation focus with seedling monitoring capabilities"
Pachama,5,8,9,Satellite Imagery,Platform,"Carbon/reforestation focus, seedling health tracking"
Gaia AI,4,7,8,Ground Sensors,Platform,"Precise mapping for seedling projects, not exclusively focused"
Dryad Networks (Silvanet),3,8,6,Ground Sensors,Platform,"Forest growth monitoring, potentially seedlings"
Silvx Labs,5,6,7,Multisource Data,Platform,"Seedling monitoring capabilities, general forest management"
DroneDeploy,4,6,9,Drone,Platform,"High-res imagery for seedling monitoring, construction-focused"
SKYLAB Analytics,3,7,6,Satellite Imagery,Platform,"Could apply to seedling health via anomaly patterns"
Treefera,2,7,7,Satellite Imagery,Platform,"Supply chain focus, potentially seedling areas"
Pano AI,1,8,8,Camera Networks,Platform,"Wildfire detection, forest health risks"
OroraTech,2,7,5,Thermal Sensors,Platform,"Wildfire detection, heat stress monitoring"
CollectiveCrunch,2,6,4,Multisource Data,Platform,"Pest/disease detection, forest health management"
WoodsApp,2,6,3,Satellite Imagery,Platform,"Forest health insights, anomaly trends"
AltaML,3,7,5,Multisource Data,Consulting,"Pest control, forest management consulting"
Dimitra,2,6,6,Satellite Imagery,Platform,"Deforestation detection, compliance"
EOSDA,2,4,7,Satellite Imagery,Platform,"Deforestation monitoring, compliance"
Earth Force Technologies,3,5,7,Ground Sensors,Platform,"Environmental monitoring, forestry applications"
Seris Forest Analytics,3,6,6,Multisource Data,Consulting,"Forest analytics consulting, early warning systems"
Chainparency,1,6,6,Blockchain Data,Platform,"Supply chain transparency, forest products"
SilvaTech Solutions,2,5,5,Multisource Data,Consulting,"Conservation technology consulting"
Spatial Informatics Group,2,6,6,Geospatial Data,Consulting,"Spatial analysis consulting, geospatial data"
Conservation X Labs,2,7,7,Multisource Data,Innovation Lab,"Conservation innovation, environmental challenges"
Environmental Policy Innovation Center,1,4,8,Policy Data,Think Tank,"Policy innovation, technology integration"
Upstream Carbon Inc.,2,6,7,Carbon Data,Platform,"Carbon monitoring, forest management"
Carboneers LLC,2,6,6,Carbon Data,Platform,"Carbon technology, forest carbon management"
forest adaptation consulting,2,4,6,Climate Data,Consulting,"Climate adaptation consulting, forest adaptation"





