Company Name,Website URL,Description
Silvx Labs,https://silvxlabs.com,Forestry technology company
Earth Force Technologies,https://earthforcetech.com,Technology company in forestry space
veritree Technology Inc.,https://veritree.com,Technology company with forest focus
Pano AI,https://pano.ai,AI company for forest monitoring/fire detection
Seris Forest Analytics,https://serisforest.com,Forest analytics company
Chainparency,https://chainparency.com,Technology/transparency solutions
SilvaTech Solutions/International Conservation Foundation,https://silvatechsolutions.com,Technology solutions for conservation
Spatial Informatics Group - Natural Asset Laboratory,https://spatialinformatics.com,Spatial data and informatics
ForestAI,https://forestai.us,Directly AI-focused forestry company
Conservation X Labs,https://conservationxlabs.org,Innovation lab for conservation technology
Environmental Policy Innovation Center,https://policyinnovation.org,Policy innovation with tech focus
Upstream Carbon Inc.,https://upstreamcarbon.com,Carbon/forest technology
Carboneers LLC,https://carboneers.com,Carbon technology
forest adaptation consulting,https://forestadaptation.com,Forest adaptation services

